Method,Basis_Set,ModChem_Class,Basis_Class,SF_low,SF_mid,SF_high
B2PLYP,6-311G,DH/TZ,Unpolarised,1.05123638,0.979140558,0.960584101
B2PLYP,6-311G*,DH/TZ,Polarised,0.996076009,0.963910788,0.954695836
B2PLYP,6-311+G,DH/TZ,Unpolarised,1.059236108,0.982124879,0.961401975
B2PLYP,6-311+G*,DH/TZ,Polarised,1.003859011,0.967686317,0.955007279
B2PLYP,6-31G,DH/DZ,Unpolarised,1.042969376,0.973871982,0.952954128
B2PLYP,6-31G*,DH/DZ,Polarised,0.988516764,0.956777797,0.948495155
B2PLYP,6-31+G,DH/DZ,Unpolarised,1.058792596,0.980586326,0.953874732
B2PLYP,6-31+G*,DH/DZ,Polarised,0.997678848,0.964816493,0.949576994
B2PLYP,aug-cc-pVDZ,DH/DZ,Polarised,1.007447588,0.98618153,0.952728288
B2PLYP,aug-cc-pVTZ,DH/TZ,Polarised,0.993463516,0.976371894,0.956518968
B2PLYP,aug-pc-1,DH/DZ,Polarised,1.005822347,0.977882094,0.952999546
B2PLYP,aug-pc-2,DH/TZ,Polarised,0.989257655,0.974526907,0.953732801
B2PLYP,aug-pcseg-1,DH/DZ,Polarised,1.007442916,0.97840195,0.953339299
B2PLYP,aug-pcseg-2,DH/TZ,Polarised,0.989449998,0.974717124,0.954025938
B2PLYP,cc-pVDZ,DH/DZ,Polarised,0.9970103,0.97948541,0.955601458
B2PLYP,cc-pVTZ,DH/TZ,Polarised,0.989945814,0.973483491,0.955895571
B2PLYP,def2-SVP,DH/DZ,Polarised,0.982399629,0.971201534,0.951462025
B2PLYP,def2-SVPD,DH/DZ,Polarised,0.996614961,0.980156362,0.952866703
B2PLYP,def2-TZVP,DH/TZ,Polarised,0.989836516,0.973861682,0.956387758
B2PLYP,def2-TZVPD,DH/TZ,Polarised,0.990706969,0.975862938,0.956966526
B2PLYP,def2-TZVPP,DH/TZ,Polarised,0.988625969,0.973827602,0.954954511
B2PLYP,def2-TZVPPD,DH/TZ,Polarised,0.990316609,0.975066889,0.955079541
B2PLYP,pc-1,DH/DZ,Polarised,0.994885842,0.971151381,0.948910173
B2PLYP,pc-2,DH/TZ,Polarised,0.987239209,0.973522339,0.952808723
B2PLYP,pcseg-1,DH/DZ,Polarised,0.996332615,0.971394427,0.949103312
B2PLYP,pcseg-2,DH/TZ,Polarised,0.987887049,0.974006383,0.953270152
B2PLYP,SNSD,DH/DZ,Polarised,1.000045479,0.976977804,0.954521862
B2PLYPD3,6-311G,DH/TZ,Unpolarised,1.049681789,0.977190695,0.960127019
B2PLYPD3,6-311G*,DH/TZ,Polarised,0.99565542,0.963649273,0.954533846
B2PLYPD3,6-311+G,DH/TZ,Unpolarised,1.058035398,0.982019263,0.96104256
B2PLYPD3,6-311+G*,DH/TZ,Polarised,1.002847592,0.967578691,0.954938896
B2PLYPD3,6-31G,DH/DZ,Unpolarised,1.042557998,0.973532225,0.952732541
B2PLYPD3,6-31G*,DH/DZ,Polarised,0.988169476,0.956600955,0.948418907
B2PLYPD3,6-31+G,DH/DZ,Unpolarised,1.057836039,0.980166497,0.953609561
B2PLYPD3,6-31+G*,DH/DZ,Polarised,0.997663904,0.96468212,0.949435745
B2PLYPD3,aug-cc-pVDZ,DH/DZ,Polarised,1.007180352,0.986417678,0.952590462
B2PLYPD3,aug-cc-pVTZ,DH/TZ,Polarised,0.992942608,0.976345117,0.956441051
B2PLYPD3,aug-pc-1,DH/DZ,Polarised,1.00354483,0.976283142,0.95229951
B2PLYPD3,aug-pc-2,DH/TZ,Polarised,0.989035703,0.974362156,0.953596776
B2PLYPD3,aug-pcseg-1,DH/DZ,Polarised,1.006885153,0.97808927,0.953225986
B2PLYPD3,aug-pcseg-2,DH/TZ,Polarised,0.988884077,0.974571832,0.95383088
B2PLYPD3,cc-pVDZ,DH/DZ,Polarised,0.996477251,0.979336602,0.955444396
B2PLYPD3,cc-pVTZ,DH/TZ,Polarised,0.989706408,0.97345233,0.955830071
B2PLYPD3,def2-SVP,DH/DZ,Polarised,0.977725341,0.969516822,0.948350719
B2PLYPD3,def2-SVPD,DH/DZ,Polarised,0.994386496,0.978479711,0.952163518
B2PLYPD3,def2-TZVP,DH/TZ,Polarised,0.987337227,0.972228909,0.955649539
B2PLYPD3,def2-TZVPD,DH/TZ,Polarised,0.990274473,0.975705212,0.956863762
B2PLYPD3,def2-TZVPP,DH/TZ,Polarised,0.98830074,0.973761183,0.954795483
B2PLYPD3,def2-TZVPPD,DH/TZ,Polarised,0.98958967,0.975008335,0.954963872
B2PLYPD3,pc-1,DH/DZ,Polarised,0.991044114,0.969401311,0.945795701
B2PLYPD3,pc-2,DH/TZ,Polarised,0.985016917,0.971791111,0.952153349
B2PLYPD3,pcseg-1,DH/DZ,Polarised,0.992051987,0.969717015,0.945752992
B2PLYPD3,pcseg-2,DH/TZ,Polarised,0.987665012,0.973636051,0.953185704
B2PLYPD3,SNSD,DH/DZ,Polarised,0.99993578,0.976837481,0.954369456
B3LYP,6-311G,Hybrid/TZ,Unpolarised,1.039886384,0.979904504,0.966951486
B3LYP,6-311G*,Hybrid/TZ,Polarised,0.996737816,0.967522601,0.963239053
B3LYP,6-311+G,Hybrid/TZ,Unpolarised,1.04412268,0.983650759,0.967180644
B3LYP,6-311+G*,Hybrid/TZ,Polarised,1.000197137,0.970761931,0.962995959
B3LYP,6-31G,Hybrid/DZ,Unpolarised,1.031063243,0.975031772,0.958162846
B3LYP,6-31G*,Hybrid/DZ,Polarised,0.991112553,0.961018924,0.957833297
B3LYP,6-31+G,Hybrid/DZ,Unpolarised,1.03966795,0.981685513,0.958146541
B3LYP,6-31+G*,Hybrid/DZ,Polarised,0.997411923,0.969908339,0.958611764
B3LYP,aug-cc-pVDZ,Hybrid/DZ,Polarised,1.006525836,0.986582843,0.960436509
B3LYP,aug-cc-pVTZ,Hybrid/TZ,Polarised,0.995068024,0.97674736,0.9632431
B3LYP,aug-pc-1,Hybrid/DZ,Polarised,1.004092244,0.982937084,0.960017226
B3LYP,aug-pc-2,Hybrid/TZ,Polarised,0.992806339,0.976417204,0.962122092
B3LYP,aug-pcseg-1,Hybrid/DZ,Polarised,1.007565632,0.983219447,0.962992548
B3LYP,aug-pcseg-2,Hybrid/TZ,Polarised,0.992334491,0.976322926,0.962069074
B3LYP,cc-pVDZ,Hybrid/DZ,Polarised,0.996266306,0.982856655,0.962154341
B3LYP,cc-pVTZ,Hybrid/TZ,Polarised,0.992676242,0.974702575,0.963422662
B3LYP,def2-SVP,Hybrid/DZ,Polarised,0.987122381,0.977634698,0.962713344
B3LYP,def2-SVPD,Hybrid/DZ,Polarised,0.993935961,0.982822562,0.958230533
B3LYP,def2-TZVP,Hybrid/TZ,Polarised,0.993786429,0.976640183,0.963599001
B3LYP,def2-TZVPD,Hybrid/TZ,Polarised,0.99457825,0.977948543,0.963509452
B3LYP,def2-TZVPP,Hybrid/TZ,Polarised,0.993192216,0.976262618,0.962943452
B3LYP,def2-TZVPPD,Hybrid/TZ,Polarised,0.992373236,0.975534275,0.96202311
B3LYP,pc-1,Hybrid/DZ,Polarised,0.997675563,0.977443587,0.96052734
B3LYP,pc-2,Hybrid/TZ,Polarised,0.992048432,0.975617388,0.96184544
B3LYP,pcseg-1,Hybrid/DZ,Polarised,0.99862395,0.979352025,0.958476485
B3LYP,pcseg-2,Hybrid/TZ,Polarised,0.991450517,0.975834312,0.96206224
B3LYP,SNSD,Hybrid/DZ,Polarised,1.000961667,0.979673528,0.961842385
B3LYPD3BJ,6-311G,Hybrid/TZ,Unpolarised,1.035614857,0.977643043,0.963256738
B3LYPD3BJ,6-311G*,Hybrid/TZ,Polarised,0.996012139,0.967433673,0.962853678
B3LYPD3BJ,6-311+G,Hybrid/TZ,Unpolarised,1.041753975,0.981656559,0.96624186
B3LYPD3BJ,6-311+G*,Hybrid/TZ,Polarised,0.999560724,0.970594958,0.962712255
B3LYPD3BJ,6-31G,Hybrid/DZ,Unpolarised,1.029821877,0.972960476,0.957025427
B3LYPD3BJ,6-31G*,Hybrid/DZ,Polarised,0.988678131,0.9609133,0.955086743
B3LYPD3BJ,6-31+G,Hybrid/DZ,Unpolarised,1.037425341,0.979582701,0.956982445
B3LYPD3BJ,6-31+G*,Hybrid/DZ,Polarised,0.99474045,0.968045077,0.957627288
B3LYPD3BJ,aug-cc-pVDZ,Hybrid/DZ,Polarised,1.007461199,0.98727311,0.958890041
B3LYPD3BJ,aug-cc-pVTZ,Hybrid/TZ,Polarised,0.994447116,0.976674782,0.962884842
B3LYPD3BJ,aug-pc-1,Hybrid/DZ,Polarised,1.004762607,0.982672524,0.962258983
B3LYPD3BJ,aug-pc-2,Hybrid/TZ,Polarised,0.992001507,0.975853535,0.961728886
B3LYPD3BJ,aug-pcseg-1,Hybrid/DZ,Polarised,1.004585003,0.981111462,0.961815075
B3LYPD3BJ,aug-pcseg-2,Hybrid/TZ,Polarised,0.991616981,0.97591807,0.961792413
B3LYPD3BJ,cc-pVDZ,Hybrid/DZ,Polarised,0.99743856,0.98226409,0.964401561
B3LYPD3BJ,cc-pVTZ,Hybrid/TZ,Polarised,0.992116406,0.974319275,0.96304451
B3LYPD3BJ,def2-SVP,Hybrid/DZ,Polarised,0.984471173,0.975909258,0.961820697
B3LYPD3BJ,def2-SVPD,Hybrid/DZ,Polarised,0.994936028,0.982198607,0.960463436
B3LYPD3BJ,def2-TZVP,Hybrid/TZ,Polarised,0.991353748,0.974927107,0.962614498
B3LYPD3BJ,def2-TZVPD,Hybrid/TZ,Polarised,0.991397391,0.975871041,0.962638106
B3LYPD3BJ,def2-TZVPP,Hybrid/TZ,Polarised,0.990277591,0.974244073,0.962011541
B3LYPD3BJ,def2-TZVPPD,Hybrid/TZ,Polarised,0.991588034,0.975341777,0.961759085
B3LYPD3BJ,pc-1,Hybrid/DZ,Polarised,0.996831759,0.977364599,0.960269647
B3LYPD3BJ,pc-2,Hybrid/TZ,Polarised,0.990928722,0.975297357,0.961455108
B3LYPD3BJ,pcseg-1,Hybrid/DZ,Polarised,0.997071205,0.977323706,0.960289741
B3LYPD3BJ,pcseg-2,Hybrid/TZ,Polarised,0.991059169,0.97540417,0.961631887
B3LYPD3BJ,SNSD,Hybrid/DZ,Polarised,1.0002827,0.979235609,0.961518479
B971,6-311G,Hybrid/TZ,Unpolarised,1.036753003,0.980677039,0.965939446
B971,6-311G*,Hybrid/TZ,Polarised,0.998870074,0.969089399,0.963372507
B971,6-311+G,Hybrid/TZ,Unpolarised,1.040983226,0.984201038,0.966452519
B971,6-311+G*,Hybrid/TZ,Polarised,1.001071159,0.972102383,0.963394048
B971,6-31G,Hybrid/DZ,Unpolarised,1.029970882,0.976683908,0.957590988
B971,6-31G*,Hybrid/DZ,Polarised,0.992541916,0.963106736,0.9581483
B971,6-31+G,Hybrid/DZ,Unpolarised,1.037162867,0.982554838,0.957679826
B971,6-31+G*,Hybrid/DZ,Polarised,0.996409133,0.969765268,0.958252372
B971,aug-cc-pVDZ,Hybrid/DZ,Polarised,1.007816109,0.988406667,0.959538413
B971,aug-cc-pVTZ,Hybrid/TZ,Polarised,0.997661002,0.979788412,0.965000062
B971,aug-pc-1,Hybrid/DZ,Polarised,1.003654162,0.982751111,0.959598509
B971,aug-pc-2,Hybrid/TZ,Polarised,0.995603956,0.979083279,0.963169352
B971,aug-pcseg-1,Hybrid/DZ,Polarised,1.007931417,0.983170173,0.96216342
B971,aug-pcseg-2,Hybrid/TZ,Polarised,0.99510922,0.979030048,0.963007709
B971,cc-pVDZ,Hybrid/DZ,Polarised,0.999253309,0.9850823,0.961921985
B971,cc-pVTZ,Hybrid/TZ,Polarised,0.995822433,0.977634407,0.965014718
B971,def2-SVP,Hybrid/DZ,Polarised,0.98923664,0.977500458,0.961564991
B971,def2-SVPD,Hybrid/DZ,Polarised,0.996246999,0.984221216,0.958489165
B971,def2-TZVP,Hybrid/TZ,Polarised,0.994915313,0.977860341,0.963855844
B971,def2-TZVPD,Hybrid/TZ,Polarised,0.995395864,0.979158827,0.963816253
B971,def2-TZVPP,Hybrid/TZ,Polarised,0.994256895,0.977650497,0.963453813
B971,def2-TZVPPD,Hybrid/TZ,Polarised,0.995167979,0.978498119,0.963253107
B971,pc-1,Hybrid/DZ,Polarised,0.998139595,0.979218696,0.960087761
B971,pc-2,Hybrid/TZ,Polarised,0.994220977,0.978382489,0.962900449
B971,pcseg-1,Hybrid/DZ,Polarised,0.996643331,0.979053976,0.957333145
B971,pcseg-2,Hybrid/TZ,Polarised,0.993819188,0.978221423,0.962890997
B971,SNSD,Hybrid/DZ,Polarised,1.000682317,0.980631841,0.961964425
B972,6-311G,Hybrid/TZ,Unpolarised,1.02520559,0.971141607,0.955622746
B972,6-311G*,Hybrid/TZ,Polarised,0.986249913,0.960018937,0.95371179
B972,6-311+G,Hybrid/TZ,Unpolarised,1.02774063,0.974612282,0.956206822
B972,6-311+G*,Hybrid/TZ,Polarised,0.989339189,0.962461828,0.953733361
B972,6-31G,Hybrid/DZ,Unpolarised,1.015369706,0.967103738,0.947584115
B972,6-31G*,Hybrid/DZ,Polarised,0.980140449,0.954061537,0.948282133
B972,6-31+G,Hybrid/DZ,Unpolarised,1.025685904,0.971725102,0.947695466
B972,6-31+G*,Hybrid/DZ,Polarised,0.984424271,0.95995049,0.948305922
B972,aug-cc-pVDZ,Hybrid/DZ,Polarised,0.994062925,0.977664695,0.949686304
B972,aug-cc-pVTZ,Hybrid/TZ,Polarised,0.984878457,0.971144824,0.954950933
B972,aug-pc-1,Hybrid/DZ,Polarised,0.993174079,0.972924589,0.95202075
B972,aug-pc-2,Hybrid/TZ,Polarised,0.98194125,0.970241128,0.953791114
B972,aug-pcseg-1,Hybrid/DZ,Polarised,0.995201915,0.973131521,0.952300324
B972,aug-pcseg-2,Hybrid/TZ,Polarised,0.982117958,0.970282893,0.953761394
B972,cc-pVDZ,Hybrid/DZ,Polarised,0.9877731,0.97448686,0.953224395
B972,cc-pVTZ,Hybrid/TZ,Polarised,0.982728988,0.969167996,0.95506986
B972,def2-SVP,Hybrid/DZ,Polarised,0.977141879,0.968702415,0.950774186
B972,def2-SVPD,Hybrid/DZ,Polarised,0.986352597,0.97488117,0.951090589
B972,def2-TZVP,Hybrid/TZ,Polarised,0.981865858,0.969420081,0.954775686
B972,def2-TZVPD,Hybrid/TZ,Polarised,0.982342235,0.970688771,0.954717362
B972,def2-TZVPP,Hybrid/TZ,Polarised,0.98164023,0.969171069,0.954452937
B972,def2-TZVPPD,Hybrid/TZ,Polarised,0.982672877,0.970169224,0.954194961
B972,pc-1,Hybrid/DZ,Polarised,0.985613081,0.968750495,0.949325003
B972,pc-2,Hybrid/TZ,Polarised,0.980879175,0.96979885,0.953545016
B972,pcseg-1,Hybrid/DZ,Polarised,0.985834831,0.968706953,0.949298331
B972,pcseg-2,Hybrid/TZ,Polarised,0.978750234,0.969663522,0.9516685
B972,SNSD,Hybrid/DZ,Polarised,0.989748943,0.972822682,0.952647323
B97D3,6-311G,GGA/TZ,Unpolarised,1.072583755,1.003779341,0.985447734
B97D3,6-311G*,GGA/TZ,Polarised,1.032422832,0.993175441,0.983694117
B97D3,6-311+G,GGA/TZ,Unpolarised,1.078898262,1.006728891,0.98561326
B97D3,6-311+G*,GGA/TZ,Polarised,1.035271591,0.99648877,0.983422004
B97D3,6-31G,GGA/DZ,Unpolarised,1.064375267,0.996258578,0.976716478
B97D3,6-31G*,GGA/DZ,Polarised,1.025323507,0.986881707,0.978665335
B97D3,6-31+G,GGA/DZ,Unpolarised,1.072703842,1.002753785,0.976319054
B97D3,6-31+G*,GGA/DZ,Polarised,1.029817679,0.993802731,0.978333714
B97D3,aug-cc-pVDZ,GGA/DZ,Polarised,1.038468432,1.012360247,0.977980905
B97D3,aug-cc-pVTZ,GGA/TZ,Polarised,1.027111536,1.004384884,0.98149922
B97D3,aug-pc-1,GGA/DZ,Polarised,1.037153629,1.00706414,0.980908021
B97D3,aug-pc-2,GGA/TZ,Polarised,1.024315857,1.003684673,0.98076665
B97D3,aug-pcseg-1,GGA/DZ,Polarised,1.039003835,1.007378551,0.981389864
B97D3,aug-pcseg-2,GGA/TZ,Polarised,1.024048814,1.003519582,0.980813775
B97D3,cc-pVDZ,GGA/DZ,Polarised,1.031156151,1.00889294,0.983444512
B97D3,cc-pVTZ,GGA/TZ,Polarised,1.025275871,1.002365126,0.981706665
B97D3,def2-SVP,GGA/DZ,Polarised,1.016561452,1.002065902,0.978093954
B97D3,def2-SVPD,GGA/DZ,Polarised,1.02447645,1.006771911,0.976240232
B97D3,def2-TZVP,GGA/TZ,Polarised,1.022462549,1.001162929,0.981145788
B97D3,def2-TZVPD,GGA/TZ,Polarised,1.024746973,1.004065829,0.981764829
B97D3,def2-TZVPP,GGA/TZ,Polarised,1.021290181,1.000794163,0.980715521
B97D3,def2-TZVPPD,GGA/TZ,Polarised,1.022965756,1.00332533,0.978405374
B97D3,pc-1,GGA/DZ,Polarised,1.02938797,1.001381745,0.97906856
B97D3,pc-2,GGA/TZ,Polarised,1.023700203,1.003172443,0.980511079
B97D3,pcseg-1,GGA/DZ,Polarised,1.031484364,1.003261396,0.97979643
B97D3,pcseg-2,GGA/TZ,Polarised,1.023284418,1.003024568,0.980917409
B97D3,SNSD,GGA/DZ,Polarised,1.034133572,1.006527058,0.980195435
BLYPD3BJ,6-311G,GGA/TZ,Unpolarised,1.083779163,1.013260307,0.995320274
BLYPD3BJ,6-311G*,GGA/TZ,Polarised,1.044934377,1.002934943,0.992471206
BLYPD3BJ,6-311+G,GGA/TZ,Unpolarised,1.091372416,1.016468989,0.994752706
BLYPD3BJ,6-311+G*,GGA/TZ,Polarised,1.049191143,1.006204175,0.991892951
BLYPD3BJ,6-31G,GGA/DZ,Unpolarised,1.076516349,1.006611124,0.986674325
BLYPD3BJ,6-31G*,GGA/DZ,Polarised,1.036388993,0.996114475,0.987928903
BLYPD3BJ,6-31+G,GGA/DZ,Unpolarised,1.087618748,1.013857643,0.986042394
BLYPD3BJ,6-31+G*,GGA/DZ,Polarised,1.04312063,1.004402527,0.987648711
BLYPD3BJ,aug-cc-pVDZ,GGA/DZ,Polarised,1.053407351,1.025182839,0.987377679
BLYPD3BJ,aug-cc-pVTZ,GGA/TZ,Polarised,1.042084878,1.01235811,0.990250441
BLYPD3BJ,aug-pc-1,GGA/DZ,Polarised,1.049021328,1.01932959,0.990670295
BLYPD3BJ,aug-pc-2,GGA/TZ,Polarised,1.040377322,1.01204821,0.989318292
BLYPD3BJ,aug-pcseg-1,GGA/DZ,Polarised,1.052191545,1.021188701,0.991597627
BLYPD3BJ,aug-pcseg-2,GGA/TZ,Polarised,1.040016273,1.011944328,0.989382729
BLYPD3BJ,cc-pVDZ,GGA/DZ,Polarised,1.042205184,1.020890981,0.994741633
BLYPD3BJ,cc-pVTZ,GGA/TZ,Polarised,1.039064292,1.010131393,0.990459321
BLYPD3BJ,def2-SVP,GGA/DZ,Polarised,1.028329388,1.014023764,0.992037401
BLYPD3BJ,def2-SVPD,GGA/DZ,Polarised,1.040445921,1.021056174,0.988801829
BLYPD3BJ,def2-TZVP,GGA/TZ,Polarised,1.039356882,1.010226726,0.990043859
BLYPD3BJ,def2-TZVPD,GGA/TZ,Polarised,1.039912765,1.01153221,0.989903467
BLYPD3BJ,def2-TZVPP,GGA/TZ,Polarised,1.036199475,1.00982187,0.986400223
BLYPD3BJ,def2-TZVPPD,GGA/TZ,Polarised,1.03951449,1.011136375,0.988938255
BLYPD3BJ,pc-1,GGA/DZ,Polarised,1.043059927,1.015559596,0.990625251
BLYPD3BJ,pc-2,GGA/TZ,Polarised,1.038765461,1.011306914,0.989091057
BLYPD3BJ,pcseg-1,GGA/DZ,Polarised,1.043889199,1.015745449,0.990758284
BLYPD3BJ,pcseg-2,GGA/TZ,Polarised,1.038412039,1.011672125,0.98924093
BLYPD3BJ,SNSD,GGA/DZ,Polarised,1.047308003,1.016310723,0.989567329
DSDPBEP86,6-311G,DH/TZ,Unpolarised,1.044030264,0.976973033,0.96036292
DSDPBEP86,6-311G*,DH/TZ,Polarised,0.986733203,0.958862969,0.949927979
DSDPBEP86,6-311+G,DH/TZ,Unpolarised,1.054179348,0.981578027,0.961476266
DSDPBEP86,6-311+G*,DH/TZ,Polarised,0.994954216,0.962781575,0.950301604
DSDPBEP86,6-31G,DH/DZ,Unpolarised,1.036331445,0.970540931,0.949710277
DSDPBEP86,6-31G*,DH/DZ,Polarised,0.979370444,0.951995402,0.943579269
DSDPBEP86,6-31+G,DH/DZ,Unpolarised,1.04669793,0.978649538,0.950671205
DSDPBEP86,6-31+G*,DH/DZ,Polarised,0.98910953,0.960098206,0.944697874
DSDPBEP86,aug-cc-pVDZ,DH/DZ,Polarised,1.002904938,0.983012714,0.95161327
DSDPBEP86,aug-cc-pVTZ,DH/TZ,Polarised,0.98421751,0.971890702,0.952376451
DSDPBEP86,aug-pc-1,DH/DZ,Polarised,0.997005301,0.971059571,0.946865016
DSDPBEP86,aug-pc-2,DH/TZ,Polarised,0.979125045,0.969217514,0.948523908
DSDPBEP86,aug-pcseg-1,DH/DZ,Polarised,0.998913686,0.971435372,0.947308946
DSDPBEP86,aug-pcseg-2,DH/TZ,Polarised,0.978375672,0.969734434,0.948776564
DSDPBEP86,cc-pVDZ,DH/DZ,Polarised,0.988570711,0.973031463,0.949581306
DSDPBEP86,cc-pVTZ,DH/TZ,Polarised,0.980351503,0.969048394,0.951256559
DSDPBEP86,def2-SVP,DH/DZ,Polarised,0.973435652,0.964413264,0.944607577
DSDPBEP86,def2-SVPD,DH/DZ,Polarised,0.988434435,0.974020755,0.947856543
DSDPBEP86,def2-TZVP,DH/TZ,Polarised,0.97990458,0.969460511,0.952432161
DSDPBEP86,def2-TZVPD,DH/TZ,Polarised,0.981254685,0.971769371,0.953386553
DSDPBEP86,def2-TZVPP,DH/TZ,Polarised,0.978747831,0.969350857,0.950260437
DSDPBEP86,def2-TZVPPD,DH/TZ,Polarised,0.980335762,0.970843109,0.950650241
DSDPBEP86,pc-1,DH/DZ,Polarised,0.985210705,0.963676561,0.941532578
DSDPBEP86,pc-2,DH/TZ,Polarised,0.976787679,0.968240766,0.947232791
DSDPBEP86,pcseg-1,DH/DZ,Polarised,0.986368729,0.963946732,0.941680958
DSDPBEP86,pcseg-2,DH/TZ,Polarised,0.977933024,0.968492588,0.947999788
DSDPBEP86,SNSD,DH/DZ,Polarised,0.994216682,0.973601407,0.950844894
HF,6-311G,HF/TZ,Unpolarised,0.950626481,0.898667619,0.911576425
HF,6-311G*,HF/TZ,Polarised,0.891530339,0.885394452,0.905584317
HF,6-311+G,HF/TZ,Unpolarised,0.950604071,0.900546512,0.912312113
HF,6-311+G*,HF/TZ,Polarised,0.892737949,0.887523879,0.906120823
HF,6-31G,HF/DZ,Unpolarised,0.93518544,0.892337107,0.900881792
HF,6-31G*,HF/DZ,Polarised,0.886516289,0.882884114,0.899944293
HF,6-31+G,HF/DZ,Unpolarised,0.945288729,0.896990477,0.903729456
HF,6-31+G*,HF/DZ,Polarised,0.886994036,0.885404495,0.900075176
HF,aug-cc-pVDZ,HF/DZ,Polarised,0.904981035,0.90300463,0.909238641
HF,aug-cc-pVTZ,HF/TZ,Polarised,0.889795277,0.893412668,0.912721011
HF,aug-pc-1,HF/DZ,Polarised,0.899986947,0.895242142,0.906623916
HF,aug-pc-2,HF/TZ,Polarised,0.887591184,0.892300096,0.910899555
HF,aug-pcseg-1,HF/DZ,Polarised,0.90202844,0.89566795,0.906913689
HF,aug-pcseg-2,HF/TZ,Polarised,0.884123216,0.89250496,0.908825149
HF,cc-pVDZ,HF/DZ,Polarised,0.896278826,0.898989264,0.907006239
HF,cc-pVTZ,HF/TZ,Polarised,0.888523594,0.892401851,0.912403403
HF,def2-SVP,HF/DZ,Polarised,0.88965083,0.894286817,0.904242745
HF,def2-SVPD,HF/DZ,Polarised,0.893412048,0.896957079,0.906762214
HF,def2-TZVP,HF/TZ,Polarised,0.887396602,0.892479045,0.912323116
HF,def2-TZVPD,HF/TZ,Polarised,0.887295819,0.893197932,0.912304455
HF,def2-TZVPP,HF/TZ,Polarised,0.88691263,0.892153736,0.911674418
HF,def2-TZVPPD,HF/TZ,Polarised,0.887465182,0.892468253,0.911904172
HF,pc-1,HF/DZ,Polarised,0.894342148,0.890950981,0.900937984
HF,pc-2,HF/TZ,Polarised,0.884715623,0.891687277,0.908297042
HF,pcseg-1,HF/DZ,Polarised,0.89559025,0.89251494,0.901534745
HF,pcseg-2,HF/TZ,Polarised,0.88643887,0.891426879,0.911178237
HF,SNSD,HF/DZ,Polarised,0.896172891,0.895841885,0.909782588
M052X,6-311G,Hybrid/TZ,Unpolarised,0.996045963,0.959011209,0.945567195
M052X,6-311G*,Hybrid/TZ,Polarised,0.966373472,0.946399109,0.939332737
M052X,6-311+G,Hybrid/TZ,Unpolarised,1.001379075,0.96405104,0.946678731
M052X,6-311+G*,Hybrid/TZ,Polarised,0.966427288,0.947171461,0.938816184
M052X,6-31G,Hybrid/DZ,Unpolarised,0.990841265,0.955794223,0.938736528
M052X,6-31G*,Hybrid/DZ,Polarised,0.961113224,0.941522059,0.935631886
M052X,6-31+G,Hybrid/DZ,Unpolarised,0.996911012,0.961887366,0.939315237
M052X,6-31+G*,Hybrid/DZ,Polarised,0.96090267,0.947578124,0.934018845
M052X,aug-cc-pVDZ,Hybrid/DZ,Polarised,0.975346051,0.963497046,0.93697244
M052X,aug-cc-pVTZ,Hybrid/TZ,Polarised,0.961815596,0.954571775,0.940600416
M052X,aug-pc-1,Hybrid/DZ,Polarised,0.973659976,0.959625478,0.937253786
M052X,aug-pc-2,Hybrid/TZ,Polarised,0.959683512,0.954028027,0.93988786
M052X,aug-pcseg-1,Hybrid/DZ,Polarised,0.977452909,0.959987836,0.939797212
M052X,aug-pcseg-2,Hybrid/TZ,Polarised,0.959234749,0.953815688,0.939969697
M052X,cc-pVDZ,Hybrid/DZ,Polarised,0.966763338,0.958848815,0.940552817
M052X,cc-pVTZ,Hybrid/TZ,Polarised,0.960401276,0.952611743,0.94044926
M052X,def2-SVP,Hybrid/DZ,Polarised,0.956640037,0.951891201,0.937427841
M052X,def2-SVPD,Hybrid/DZ,Polarised,0.964422875,0.95819686,0.937530683
M052X,def2-TZVP,Hybrid/TZ,Polarised,0.960868953,0.954196441,0.94117501
M052X,def2-TZVPD,Hybrid/TZ,Polarised,0.959500986,0.953672873,0.940831659
M052X,def2-TZVPP,Hybrid/TZ,Polarised,0.960058617,0.953440061,0.940546622
M052X,def2-TZVPPD,Hybrid/TZ,Polarised,0.958684074,0.952521505,0.939873792
M052X,pc-1,Hybrid/DZ,Polarised,0.967101958,0.956206877,0.937298564
M052X,pc-2,Hybrid/TZ,Polarised,0.960691904,0.954803558,0.939873929
M052X,pcseg-1,Hybrid/DZ,Polarised,0.967059961,0.956106092,0.937292384
M052X,pcseg-2,Hybrid/TZ,Polarised,0.960503149,0.954848161,0.940177717
M052X,SNSD,Hybrid/DZ,Polarised,0.967542159,0.956826594,0.940875703
M052XD30,6-311G,Hybrid/TZ,Unpolarised,0.996309375,0.959525448,0.945530617
M052XD30,6-311G*,Hybrid/TZ,Polarised,0.963844392,0.944882851,0.938758113
M052XD30,6-311+G,Hybrid/TZ,Unpolarised,0.999227371,0.962350692,0.946050259
M052XD30,6-311+G*,Hybrid/TZ,Polarised,0.965990594,0.947359178,0.93894226
M052XD30,6-31G,Hybrid/DZ,Unpolarised,0.988788,0.954290405,0.938252075
M052XD30,6-31G*,Hybrid/DZ,Polarised,0.959065593,0.940305909,0.935107461
M052XD30,6-31+G,Hybrid/DZ,Unpolarised,0.995415086,0.960257183,0.938835678
M052XD30,6-31+G*,Hybrid/DZ,Polarised,0.960855248,0.945888611,0.935955576
M052XD30,aug-cc-pVDZ,Hybrid/DZ,Polarised,0.9755147,0.963155754,0.93694354
M052XD30,aug-cc-pVTZ,Hybrid/TZ,Polarised,0.962011578,0.954681267,0.940737365
M052XD30,aug-pc-1,Hybrid/DZ,Polarised,0.975954209,0.959768939,0.939553874
M052XD30,aug-pc-2,Hybrid/TZ,Polarised,0.959678777,0.954007764,0.939810337
M052XD30,aug-pcseg-1,Hybrid/DZ,Polarised,0.976949275,0.959745934,0.939973323
M052XD30,aug-pcseg-2,Hybrid/TZ,Polarised,0.959394133,0.954307478,0.939992568
M052XD30,cc-pVDZ,Hybrid/DZ,Polarised,0.966380375,0.958747593,0.940602189
M052XD30,cc-pVTZ,Hybrid/TZ,Polarised,0.960184459,0.952644694,0.940468676
M052XD30,def2-SVP,Hybrid/DZ,Polarised,0.956458897,0.951851207,0.937529513
M052XD30,def2-SVPD,Hybrid/DZ,Polarised,0.964085206,0.95854513,0.937644907
M052XD30,def2-TZVP,Hybrid/TZ,Polarised,0.960641633,0.954469918,0.941323342
M052XD30,def2-TZVPD,Hybrid/TZ,Polarised,0.959088481,0.953791703,0.940886999
M052XD30,def2-TZVPP,Hybrid/TZ,Polarised,0.960119947,0.95372173,0.940675867
M052XD30,def2-TZVPPD,Hybrid/TZ,Polarised,0.958646626,0.952598069,0.940047888
M052XD30,pc-1,Hybrid/DZ,Polarised,0.964662343,0.954435566,0.936742103
M052XD30,pc-2,Hybrid/TZ,Polarised,0.960789239,0.95470909,0.939940116
M052XD30,pcseg-1,Hybrid/DZ,Polarised,0.964621534,0.954649793,0.936726701
M052XD30,pcseg-2,Hybrid/TZ,Polarised,0.958928663,0.953323497,0.939699928
M052XD30,SNSD,Hybrid/DZ,Polarised,0.967131275,0.956990315,0.940941918
M06LD30,6-311G,mGGA/TZ,Unpolarised,1.033482381,0.974302997,0.960879287
M06LD30,6-311G*,mGGA/TZ,Polarised,0.994650951,0.968268788,0.964209493
M06LD30,6-311+G,mGGA/TZ,Unpolarised,1.036964594,0.976875869,0.960920831
M06LD30,6-311+G*,mGGA/TZ,Polarised,0.997280577,0.970963126,0.964049681
M06LD30,6-31G,mGGA/DZ,Unpolarised,1.030507007,0.971314395,0.950754443
M06LD30,6-31G*,mGGA/DZ,Polarised,0.989215586,0.963887411,0.95636884
M06LD30,6-31+G,mGGA/DZ,Unpolarised,1.036512497,0.975487163,0.951101854
M06LD30,6-31+G*,mGGA/DZ,Polarised,0.99239878,0.969400932,0.956162492
M06LD30,aug-cc-pVDZ,mGGA/DZ,Polarised,1.005161352,0.986340787,0.955520266
M06LD30,aug-cc-pVTZ,mGGA/TZ,Polarised,0.987638692,0.975166117,0.961152349
M06LD30,aug-pc-1,mGGA/DZ,Polarised,1.00172262,0.977888977,0.956424646
M06LD30,aug-pc-2,mGGA/TZ,Polarised,0.985122236,0.972975345,0.956248912
M06LD30,aug-pcseg-1,mGGA/DZ,Polarised,1.003547354,0.978525056,0.956870617
M06LD30,aug-pcseg-2,mGGA/TZ,Polarised,0.984501669,0.973314725,0.956146945
M06LD30,cc-pVDZ,mGGA/DZ,Polarised,0.998631046,0.980472361,0.958126953
M06LD30,cc-pVTZ,mGGA/TZ,Polarised,0.984399876,0.972983816,0.960656702
M06LD30,def2-SVP,mGGA/DZ,Polarised,0.987850525,0.977187819,0.956573063
M06LD30,def2-SVPD,mGGA/DZ,Polarised,0.995196709,0.981826487,0.957070149
M06LD30,def2-TZVP,mGGA/TZ,Polarised,0.983027805,0.972102971,0.957146123
M06LD30,def2-TZVPD,mGGA/TZ,Polarised,0.983591213,0.972835468,0.957155074
M06LD30,def2-TZVPP,mGGA/TZ,Polarised,0.982476861,0.972587437,0.957483112
M06LD30,def2-TZVPPD,mGGA/TZ,Polarised,0.98481752,0.972937101,0.957744423
M06LD30,pc-1,mGGA/DZ,Polarised,0.996799054,0.974223364,0.953871079
M06LD30,pc-2,mGGA/TZ,Polarised,0.985792105,0.974222944,0.95691857
M06LD30,pcseg-1,mGGA/DZ,Polarised,0.995778699,0.974030237,0.953780689
M06LD30,pcseg-2,mGGA/TZ,Polarised,0.982651502,0.972845368,0.956648856
M06LD30,SNSD,mGGA/DZ,Polarised,0.997937663,0.980657606,0.957749278
MP2,6-311G,MP2/TZ,Unpolarised,1.061576383,0.97468024,0.96027705
MP2,6-311G*,MP2/TZ,Polarised,0.988837655,0.9578617,0.942778046
MP2,6-311+G,MP2/TZ,Unpolarised,1.072824289,0.980027645,0.962272087
MP2,6-311+G*,MP2/TZ,Polarised,0.997125535,0.958832743,0.943753133
MP2,6-31G,MP2/DZ,Unpolarised,1.052114986,0.966302714,0.948143548
MP2,6-31G*,MP2/DZ,Polarised,0.984759102,0.950050223,0.939082191
MP2,6-31+G,MP2/DZ,Unpolarised,1.070992883,0.97643607,0.949896955
MP2,6-31+G*,MP2/DZ,Polarised,1.001057327,0.959753421,0.940930649
MP2,aug-cc-pVDZ,MP2/DZ,Polarised,1.009535334,0.983925134,0.946335134
MP2,aug-cc-pVTZ,MP2/TZ,Polarised,0.988930295,0.972702495,0.942802833
MP2,aug-pc-1,MP2/DZ,Polarised,1.006717011,0.970431287,0.940340802
MP2,aug-pc-2,MP2/TZ,Polarised,0.982098711,0.970021755,0.935418945
MP2,aug-pcseg-1,MP2/DZ,Polarised,1.00807315,0.971001328,0.940768852
MP2,aug-pcseg-2,MP2/TZ,Polarised,0.982486841,0.970709966,0.936828613
MP2,cc-pVDZ,MP2/DZ,Polarised,0.993805589,0.974195171,0.944599397
MP2,cc-pVTZ,MP2/TZ,Polarised,0.984060535,0.971195283,0.941953291
MP2,def2-SVP,MP2/DZ,Polarised,0.977489279,0.962492801,0.93722433
MP2,def2-SVPD,MP2/DZ,Polarised,0.997429284,0.974704927,0.942624766
MP2,def2-TZVP,MP2/TZ,Polarised,0.984143807,0.971188621,0.943647662
MP2,def2-TZVPD,MP2/TZ,Polarised,0.986211255,0.974370524,0.945884224
MP2,def2-TZVPP,MP2/TZ,Polarised,0.98287935,0.971367039,0.940474331
MP2,def2-TZVPPD,MP2/TZ,Polarised,0.985417997,0.973078242,0.941063518
MP2,pc-1,MP2/DZ,Polarised,0.992800801,0.959995337,0.933212397
MP2,pc-2,MP2/TZ,Polarised,0.979349295,0.968174779,0.933195068
MP2,pcseg-1,MP2/DZ,Polarised,0.992705785,0.960587261,0.933323967
MP2,pcseg-2,MP2/TZ,Polarised,0.982432826,0.968907553,0.936390374
MP2,SNSD,MP2/DZ,Polarised,1.001712886,0.974085916,0.946415397
PBE0DH,6-311G,DH/TZ,Unpolarised,1.006782435,0.955440526,0.941348368
PBE0DH,6-311G*,DH/TZ,Polarised,0.958759947,0.942101838,0.936322663
PBE0DH,6-311+G,DH/TZ,Unpolarised,1.014888789,0.960532079,0.94294183
PBE0DH,6-311+G*,DH/TZ,Polarised,0.962360108,0.945110988,0.936787949
PBE0DH,6-31G,DH/DZ,Unpolarised,0.99321507,0.95106165,0.932414732
PBE0DH,6-31G*,DH/DZ,Polarised,0.952893616,0.935850057,0.930341598
PBE0DH,6-31+G,DH/DZ,Unpolarised,1.002272961,0.957357625,0.933089902
PBE0DH,6-31+G*,DH/DZ,Polarised,0.956616888,0.942174242,0.930887783
PBE0DH,aug-cc-pVDZ,DH/DZ,Polarised,0.972625693,0.962978238,0.937172082
PBE0DH,aug-cc-pVTZ,DH/TZ,Polarised,0.957365423,0.954489484,0.939586629
PBE0DH,aug-pc-1,DH/DZ,Polarised,0.967409814,0.95445781,0.935028073
PBE0DH,aug-pc-2,DH/TZ,Polarised,0.95370234,0.953362979,0.937650493
PBE0DH,aug-pcseg-1,DH/DZ,Polarised,0.969315694,0.954826709,0.935492839
PBE0DH,aug-pcseg-2,DH/TZ,Polarised,0.953706984,0.953197407,0.937990829
PBE0DH,cc-pVDZ,DH/DZ,Polarised,0.961032003,0.956841637,0.935870233
PBE0DH,cc-pVTZ,DH/TZ,Polarised,0.955644404,0.952061395,0.939604937
PBE0DH,def2-SVP,DH/DZ,Polarised,0.951791762,0.949328557,0.932865141
PBE0DH,def2-SVPD,DH/DZ,Polarised,0.960914623,0.956707743,0.934830902
PBE0DH,def2-TZVP,DH/TZ,Polarised,0.954466128,0.952410096,0.939355059
PBE0DH,def2-TZVPD,DH/TZ,Polarised,0.955099932,0.953755467,0.939644467
PBE0DH,def2-TZVPP,DH/TZ,Polarised,0.953150851,0.952407607,0.938779085
PBE0DH,def2-TZVPPD,DH/TZ,Polarised,0.95456869,0.953250808,0.938745953
PBE0DH,pc-1,DH/DZ,Polarised,0.957637842,0.950171439,0.930737094
PBE0DH,pc-2,DH/TZ,Polarised,0.952313592,0.952071842,0.937381766
PBE0DH,pcseg-1,DH/DZ,Polarised,0.958014474,0.949695438,0.930666635
PBE0DH,pcseg-2,DH/TZ,Polarised,0.952868297,0.952541593,0.937939671
PBE0DH,SNSD,DH/DZ,Polarised,0.965639618,0.958279047,0.937912051
PBE0,6-311G,Hybrid/TZ,Unpolarised,1.019406369,0.971445724,0.956584154
PBE0,6-311G*,Hybrid/TZ,Polarised,0.982193729,0.960168836,0.954239549
PBE0,6-311+G,Hybrid/TZ,Unpolarised,1.019962795,0.973204499,0.956553149
PBE0,6-311+G*,Hybrid/TZ,Polarised,0.98055818,0.960702481,0.951529635
PBE0,6-31G,Hybrid/DZ,Unpolarised,1.008246882,0.967168567,0.948191058
PBE0,6-31G*,Hybrid/DZ,Polarised,0.972574322,0.95240932,0.948198871
PBE0,6-31+G,Hybrid/DZ,Unpolarised,1.014384624,0.973242853,0.948514149
PBE0,6-31+G*,Hybrid/DZ,Polarised,0.979273499,0.959906065,0.948902045
PBE0,aug-cc-pVDZ,Hybrid/DZ,Polarised,0.992310278,0.978114613,0.952873962
PBE0,aug-cc-pVTZ,Hybrid/TZ,Polarised,0.978660877,0.970303876,0.955945566
PBE0,aug-pc-1,Hybrid/DZ,Polarised,0.989254332,0.973173575,0.952958498
PBE0,aug-pc-2,Hybrid/TZ,Polarised,0.976472177,0.969567721,0.954539708
PBE0,aug-pcseg-1,Hybrid/DZ,Polarised,0.991294057,0.973515026,0.953310464
PBE0,aug-pcseg-2,Hybrid/TZ,Polarised,0.976221187,0.969412602,0.954845162
PBE0,cc-pVDZ,Hybrid/DZ,Polarised,0.984102559,0.974594747,0.954035943
PBE0,cc-pVTZ,Hybrid/TZ,Polarised,0.977177143,0.967967929,0.955881536
PBE0,def2-SVP,Hybrid/DZ,Polarised,0.971274694,0.967320112,0.95108918
PBE0,def2-SVPD,Hybrid/DZ,Polarised,0.982380464,0.975077251,0.951975573
PBE0,def2-TZVP,Hybrid/TZ,Polarised,0.975503659,0.968474367,0.955461548
PBE0,def2-TZVPD,Hybrid/TZ,Polarised,0.978226201,0.971030128,0.956057934
PBE0,def2-TZVPP,Hybrid/TZ,Polarised,0.974737287,0.967801574,0.955008858
PBE0,def2-TZVPPD,Hybrid/TZ,Polarised,0.978054818,0.970465812,0.955384701
PBE0,pc-1,Hybrid/DZ,Polarised,0.981216037,0.969146744,0.950285493
PBE0,pc-2,Hybrid/TZ,Polarised,0.975382417,0.968736884,0.954432552
PBE0,pcseg-1,Hybrid/DZ,Polarised,0.981869466,0.969243662,0.95013612
PBE0,pcseg-2,Hybrid/TZ,Polarised,0.975147627,0.968875629,0.954781928
PBE0,SNSD,Hybrid/DZ,Polarised,0.983554328,0.972818404,0.951300713
PBE0-D3BJ,6-311G,Hybrid/TZ,Unpolarised,1.016380274,0.969864317,0.955674865
PBE0-D3BJ,6-311G*,Hybrid/TZ,Polarised,0.979592009,0.958112111,0.953644233
PBE0-D3BJ,6-311+G,Hybrid/TZ,Unpolarised,1.020270821,0.973504589,0.956493321
PBE0-D3BJ,6-311+G*,Hybrid/TZ,Polarised,0.984233563,0.962486216,0.95435542
PBE0-D3BJ,6-31G,Hybrid/DZ,Unpolarised,1.006115324,0.965501881,0.947537509
PBE0-D3BJ,6-31G*,Hybrid/DZ,Polarised,0.972562084,0.952315792,0.947971755
PBE0-D3BJ,6-31+G,Hybrid/DZ,Unpolarised,1.013001222,0.971687077,0.947795669
PBE0-D3BJ,6-31+G*,Hybrid/DZ,Polarised,0.976959978,0.958418116,0.948136148
PBE0-D3BJ,aug-cc-pVDZ,Hybrid/DZ,Polarised,0.990803656,0.977956678,0.950294894
PBE0-D3BJ,aug-cc-pVTZ,Hybrid/TZ,Polarised,0.978425951,0.970283647,0.955798926
PBE0-D3BJ,aug-pc-1,Hybrid/DZ,Polarised,0.986779219,0.971363724,0.952307197
PBE0-D3BJ,aug-pc-2,Hybrid/TZ,Polarised,0.976152483,0.969347476,0.954486246
PBE0-D3BJ,aug-pcseg-1,Hybrid/DZ,Polarised,0.989346728,0.971592987,0.95265448
PBE0-D3BJ,aug-pcseg-2,Hybrid/TZ,Polarised,0.975903499,0.969313791,0.954617992
PBE0-D3BJ,cc-pVDZ,Hybrid/DZ,Polarised,0.982170933,0.972662491,0.953416316
PBE0-D3BJ,cc-pVTZ,Hybrid/TZ,Polarised,0.976252914,0.967933693,0.955679415
PBE0-D3BJ,def2-SVP,Hybrid/DZ,Polarised,0.970585121,0.967184958,0.950955273
PBE0-D3BJ,def2-SVPD,Hybrid/DZ,Polarised,0.980583214,0.973237894,0.951252417
PBE0-D3BJ,def2-TZVP,Hybrid/TZ,Polarised,0.975287381,0.968101327,0.955290895
PBE0-D3BJ,def2-TZVPD,Hybrid/TZ,Polarised,0.976228226,0.969381582,0.95539265
PBE0-D3BJ,def2-TZVPP,Hybrid/TZ,Polarised,0.974813154,0.968138388,0.954940521
PBE0-D3BJ,def2-TZVPPD,Hybrid/TZ,Polarised,0.975509016,0.968985487,0.954693539
PBE0-D3BJ,pc-1,Hybrid/DZ,Polarised,0.978904992,0.967221609,0.949600986
PBE0-D3BJ,pc-2,Hybrid/TZ,Polarised,0.974645975,0.968820592,0.954338209
PBE0-D3BJ,pcseg-1,Hybrid/DZ,Polarised,0.977301632,0.967614875,0.946985835
PBE0-D3BJ,pcseg-2,Hybrid/TZ,Polarised,0.974494185,0.96894487,0.954729565
PBE0-D3BJ,SNSD,Hybrid/DZ,Polarised,0.985067745,0.972770043,0.953408729
PBE,6-311G,GGA/TZ,Unpolarised,1.07146835,1.0116745,0.988953934
PBE,6-311G*,GGA/TZ,Polarised,1.034022332,1.001769867,0.987232666
PBE,6-311+G,GGA/TZ,Unpolarised,1.077508497,1.01486446,0.98907732
PBE,6-311+G*,GGA/TZ,Polarised,1.037482804,1.005466175,0.987050601
PBE,6-31G,GGA/DZ,Unpolarised,1.060464444,1.003615381,0.97739921
PBE,6-31G*,GGA/DZ,Polarised,1.026190142,0.995106415,0.981919488
PBE,6-31+G,GGA/DZ,Unpolarised,1.069517847,1.01075667,0.977134569
PBE,6-31+G*,GGA/DZ,Polarised,1.029482009,1.000749401,0.981231725
PBE,aug-cc-pVDZ,GGA/DZ,Polarised,1.04256474,1.024520538,0.981970302
PBE,aug-cc-pVTZ,GGA/TZ,Polarised,1.033227793,1.014754459,0.987120673
PBE,aug-pc-1,GGA/DZ,Polarised,1.038236385,1.015779061,0.984601999
PBE,aug-pc-2,GGA/TZ,Polarised,1.030527886,1.014167708,0.98603705
PBE,aug-pcseg-1,GGA/DZ,Polarised,1.039933805,1.016205315,0.984842755
PBE,aug-pcseg-2,GGA/TZ,Polarised,1.028550608,1.01422818,0.983419416
PBE,cc-pVDZ,GGA/DZ,Polarised,1.034125496,1.018743221,0.987296781
PBE,cc-pVTZ,GGA/TZ,Polarised,1.030994319,1.012285324,0.987209833
PBE,def2-SVP,GGA/DZ,Polarised,1.020093782,1.010452242,0.984233629
PBE,def2-SVPD,GGA/DZ,Polarised,1.030946558,1.016706431,0.982869948
PBE,def2-TZVP,GGA/TZ,Polarised,1.029641334,1.012769825,0.98650869
PBE,def2-TZVPD,GGA/TZ,Polarised,1.028691463,1.014116056,0.983845893
PBE,def2-TZVPP,GGA/TZ,Polarised,1.028279988,1.012378891,0.986029111
PBE,def2-TZVPPD,GGA/TZ,Polarised,1.029983776,1.01346374,0.985741737
PBE,pc-1,GGA/DZ,Polarised,1.030954875,1.011466673,0.983250969
PBE,pc-2,GGA/TZ,Polarised,1.029615432,1.013641741,0.98579643
PBE,pcseg-1,GGA/DZ,Polarised,1.031798457,1.011626763,0.983141022
PBE,pcseg-2,GGA/TZ,Polarised,1.027514642,1.013584884,0.983605997
PBE,SNSD,GGA/DZ,Polarised,1.037039312,1.016758113,0.984452333
SOGGA11X,6-311G,Hybrid/TZ,Unpolarised,0.999404292,0.956540372,0.946424833
SOGGA11X,6-311G*,Hybrid/TZ,Polarised,0.965125472,0.946035802,0.944218325
SOGGA11X,6-311+G,Hybrid/TZ,Unpolarised,1.005646311,0.961458539,0.947585127
SOGGA11X,6-311+G*,Hybrid/TZ,Polarised,0.96747034,0.948959386,0.944455318
SOGGA11X,6-31G,Hybrid/DZ,Unpolarised,0.993761459,0.953937551,0.939145515
SOGGA11X,6-31G*,Hybrid/DZ,Polarised,0.957888545,0.938343022,0.938039075
SOGGA11X,6-31+G,Hybrid/DZ,Unpolarised,0.999169705,0.960059545,0.939419727
SOGGA11X,6-31+G*,Hybrid/DZ,Polarised,0.960692457,0.944615078,0.938133681
SOGGA11X,aug-cc-pVDZ,Hybrid/DZ,Polarised,0.974578613,0.963195307,0.943542432
SOGGA11X,aug-cc-pVTZ,Hybrid/TZ,Polarised,0.961989296,0.954025619,0.945385448
SOGGA11X,aug-pc-1,Hybrid/DZ,Polarised,0.986683673,0.957586492,0.942631402
SOGGA11X,aug-pc-2,Hybrid/TZ,Polarised,0.958596353,0.952652053,0.94252481
SOGGA11X,aug-pcseg-1,Hybrid/DZ,Polarised,0.974882613,0.958003808,0.943101245
SOGGA11X,aug-pcseg-2,Hybrid/TZ,Polarised,0.958582252,0.952700734,0.942349642
SOGGA11X,cc-pVDZ,Hybrid/DZ,Polarised,0.965994946,0.959452387,0.940987621
SOGGA11X,cc-pVTZ,Hybrid/TZ,Polarised,0.959868846,0.95218881,0.945100467
SOGGA11X,def2-SVP,Hybrid/DZ,Polarised,0.954797865,0.951138843,0.938133906
SOGGA11X,def2-SVPD,Hybrid/DZ,Polarised,0.965696628,0.957664958,0.941505486
SOGGA11X,def2-TZVP,Hybrid/TZ,Polarised,0.958493143,0.952589417,0.944311823
SOGGA11X,def2-TZVPD,Hybrid/TZ,Polarised,0.958227745,0.953307955,0.94425836
SOGGA11X,def2-TZVPP,Hybrid/TZ,Polarised,0.955630179,0.952021132,0.941074565
SOGGA11X,def2-TZVPPD,Hybrid/TZ,Polarised,0.958844539,0.952751996,0.943352371
SOGGA11X,pc-1,Hybrid/DZ,Polarised,0.965472382,0.953711478,0.939478592
SOGGA11X,pc-2,Hybrid/TZ,Polarised,0.960284422,0.953646435,0.942991224
SOGGA11X,pcseg-1,Hybrid/DZ,Polarised,0.96511845,0.953349858,0.939352868
SOGGA11X,pcseg-2,Hybrid/TZ,Polarised,0.959164668,0.953546114,0.943262355
SOGGA11X,SNSD,Hybrid/DZ,Polarised,0.966724296,0.95716038,0.941158933
TPSS0,6-311G,Hybrid/TZ,Unpolarised,1.014633665,0.961191918,0.950402795
TPSS0,6-311G*,Hybrid/TZ,Polarised,0.975175902,0.948670559,0.947152094
TPSS0,6-311+G,Hybrid/TZ,Unpolarised,1.018994432,0.96463936,0.950933877
TPSS0,6-311+G*,Hybrid/TZ,Polarised,0.977226282,0.951095005,0.947464109
TPSS0,6-31G,Hybrid/DZ,Unpolarised,1.003297039,0.957331922,0.941677728
TPSS0,6-31G*,Hybrid/DZ,Polarised,0.968491394,0.942652752,0.941122832
TPSS0,6-31+G,Hybrid/DZ,Unpolarised,1.013644817,0.961645785,0.941679297
TPSS0,6-31+G*,Hybrid/DZ,Polarised,0.972188203,0.9480466,0.940965853
TPSS0,aug-cc-pVDZ,Hybrid/DZ,Polarised,0.984510836,0.965266867,0.947044481
TPSS0,aug-cc-pVTZ,Hybrid/TZ,Polarised,0.973071003,0.959104693,0.949434283
TPSS0,aug-pc-1,Hybrid/DZ,Polarised,0.982040245,0.960082548,0.946165263
TPSS0,aug-pc-2,Hybrid/TZ,Polarised,0.97024417,0.958097241,0.9483047
TPSS0,aug-pcseg-1,Hybrid/DZ,Polarised,0.983948187,0.96033012,0.946371232
TPSS0,aug-pcseg-2,Hybrid/TZ,Polarised,0.969949313,0.95810336,0.948334038
TPSS0,cc-pVDZ,Hybrid/DZ,Polarised,0.977707106,0.962147384,0.947640422
TPSS0,cc-pVTZ,Hybrid/TZ,Polarised,0.971049753,0.957253905,0.949564963
TPSS0,def2-SVP,Hybrid/DZ,Polarised,0.96615323,0.955854218,0.944414693
TPSS0,def2-SVPD,Hybrid/DZ,Polarised,0.974760928,0.96145532,0.945189041
TPSS0,def2-TZVP,Hybrid/TZ,Polarised,0.970098188,0.957542401,0.949175664
TPSS0,def2-TZVPD,Hybrid/TZ,Polarised,0.970986745,0.958530902,0.949247087
TPSS0,def2-TZVPP,Hybrid/TZ,Polarised,0.96994867,0.957364139,0.948999018
TPSS0,def2-TZVPPD,Hybrid/TZ,Polarised,0.970503644,0.958037507,0.948830529
TPSS0,pc-1,Hybrid/DZ,Polarised,0.974545713,0.956465854,0.942766893
TPSS0,pc-2,Hybrid/TZ,Polarised,0.969344101,0.957643869,0.948138269
TPSS0,pcseg-1,Hybrid/DZ,Polarised,0.974968793,0.956254114,0.942507579
TPSS0,pcseg-2,Hybrid/TZ,Polarised,0.969054932,0.9576595,0.948436999
TPSS0,SNSD,Hybrid/DZ,Polarised,0.978346774,0.960053661,0.946556636
TPSS0D3BJ,6-311G,Hybrid/TZ,Unpolarised,1.014171531,0.960373753,0.948762661
TPSS0D3BJ,6-311G*,Hybrid/TZ,Polarised,0.974698098,0.947844794,0.945597488
TPSS0D3BJ,6-311+G,Hybrid/TZ,Unpolarised,1.017112817,0.963882466,0.949559048
TPSS0D3BJ,6-311+G*,Hybrid/TZ,Polarised,0.976698429,0.950340563,0.945827084
TPSS0D3BJ,6-31G,Hybrid/DZ,Unpolarised,1.002638107,0.956240184,0.939927034
TPSS0D3BJ,6-31G*,Hybrid/DZ,Polarised,0.967884872,0.942056506,0.939443768
TPSS0D3BJ,6-31+G,Hybrid/DZ,Unpolarised,1.009439067,0.961861677,0.939992675
TPSS0D3BJ,6-31+G*,Hybrid/DZ,Polarised,0.971525031,0.947363522,0.939346244
TPSS0D3BJ,aug-cc-pVDZ,Hybrid/DZ,Polarised,0.984156949,0.964574793,0.945365636
TPSS0D3BJ,aug-cc-pVTZ,Hybrid/TZ,Polarised,0.972667757,0.958119614,0.947877858
TPSS0D3BJ,aug-pc-1,Hybrid/DZ,Polarised,0.981310424,0.95940893,0.944545451
TPSS0D3BJ,aug-pc-2,Hybrid/TZ,Polarised,0.969884167,0.957340253,0.946628317
TPSS0D3BJ,aug-pcseg-1,Hybrid/DZ,Polarised,0.983438877,0.959505329,0.944806586
TPSS0D3BJ,aug-pcseg-2,Hybrid/TZ,Polarised,0.969559269,0.957426147,0.946629859
TPSS0D3BJ,cc-pVDZ,Hybrid/DZ,Polarised,0.977193513,0.961491434,0.946065081
TPSS0D3BJ,cc-pVTZ,Hybrid/TZ,Polarised,0.970796216,0.956497613,0.947953904
TPSS0D3BJ,def2-SVP,Hybrid/DZ,Polarised,0.966091403,0.955153053,0.942934048
TPSS0D3BJ,def2-SVPD,Hybrid/DZ,Polarised,0.974671205,0.96064866,0.94367515
TPSS0D3BJ,def2-TZVP,Hybrid/TZ,Polarised,0.970013221,0.95687378,0.947567673
TPSS0D3BJ,def2-TZVPD,Hybrid/TZ,Polarised,0.970148305,0.957858513,0.947624293
TPSS0D3BJ,def2-TZVPP,Hybrid/TZ,Polarised,0.969360209,0.956744318,0.947398877
TPSS0D3BJ,def2-TZVPPD,Hybrid/TZ,Polarised,0.96970574,0.957352388,0.947287228
TPSS0D3BJ,pc-1,Hybrid/DZ,Polarised,0.973952876,0.955737383,0.941247092
TPSS0D3BJ,pc-2,Hybrid/TZ,Polarised,0.968889344,0.95686487,0.946487736
TPSS0D3BJ,pcseg-1,Hybrid/DZ,Polarised,0.974242953,0.95553184,0.940947079
TPSS0D3BJ,pcseg-2,Hybrid/TZ,Polarised,0.968554703,0.956789797,0.946821595
TPSS0D3BJ,SNSD,Hybrid/DZ,Polarised,0.977283925,0.960316244,0.945249904
Omega-B97X-V,6-311G,Hybrid/TZ,Unpolarised,1.003416178,0.964315072,0.952026047
Omega-B97X-V,6-311G*,Hybrid/TZ,Polarised,0.968047445,0.953581428,0.950312139
Omega-B97X-V,6-311+G,Hybrid/TZ,Unpolarised,1.007835929,0.968107534,0.952703358
Omega-B97X-V,6-311+G*,Hybrid/TZ,Polarised,0.970652841,0.956689549,0.950237557
Omega-B97X-V,6-31G,Hybrid/DZ,Unpolarised,0.994175776,0.959625783,0.944174511
Omega-B97X-V,6-31G*,Hybrid/DZ,Polarised,0.96093844,0.947755399,0.944746887
Omega-B97X-V,6-31+G,Hybrid/DZ,Unpolarised,1.001238783,0.96586535,0.944399254
Omega-B97X-V,6-31+G*,Hybrid/DZ,Polarised,0.965122252,0.954060939,0.944995069
Omega-B97X-V,aug-cc-pVDZ,Hybrid/DZ,Polarised,0.978882634,0.971925853,0.949471044
Omega-B97X-V,aug-cc-pVTZ,Hybrid/TZ,Polarised,0.965353108,0.963708568,0.952280098
Omega-B97X-V,aug-pc-1,Hybrid/DZ,Polarised,0.974181933,0.965393634,0.949288585
Omega-B97X-V,aug-pc-2,Hybrid/TZ,Polarised,0.963277199,0.962762619,0.951034736
Omega-B97X-V,aug-pcseg-1,Hybrid/DZ,Polarised,0.976220106,0.965546349,0.949529023
Omega-B97X-V,aug-pcseg-2,Hybrid/TZ,Polarised,0.963303886,0.962794536,0.951083954
Omega-B97X-V,cc-pVDZ,Hybrid/DZ,Polarised,0.970480467,0.967912056,0.950760574
Omega-B97X-V,cc-pVTZ,Hybrid/TZ,Polarised,0.962935596,0.961373439,0.95221775
Omega-B97X-V,def2-SVP,Hybrid/DZ,Polarised,0.959676394,0.962044106,0.948710677
Omega-B97X-V,def2-SVPD,Hybrid/DZ,Polarised,0.969958606,0.968757967,0.949007831
Omega-B97X-V,def2-TZVP,Hybrid/TZ,Polarised,0.962300127,0.962084989,0.951979524
Omega-B97X-V,def2-TZVPD,Hybrid/TZ,Polarised,0.963400752,0.962986867,0.95197597
Omega-B97X-V,def2-TZVPP,Hybrid/TZ,Polarised,0.962080058,0.96142033,0.951512646
Omega-B97X-V,def2-TZVPPD,Hybrid/TZ,Polarised,0.9635749,0.962407739,0.951295917
Omega-B97X-V,pc-1,Hybrid/DZ,Polarised,0.968017992,0.962689625,0.94685517
Omega-B97X-V,pc-2,Hybrid/TZ,Polarised,0.961562929,0.961956,0.950745462
Omega-B97X-V,pcseg-1,Hybrid/DZ,Polarised,0.968329019,0.962479537,0.946770506
Omega-B97X-V,pcseg-2,Hybrid/TZ,Polarised,0.961029488,0.96195268,0.950905612
Omega-B97X-V,SNSD,Hybrid/DZ,Polarised,0.97129978,0.964712592,0.950114195
Omega-B97X-D,6-311G,Hybrid/TZ,Unpolarised,1.007363282,0.965263839,0.955884559
Omega-B97X-D,6-311G*,Hybrid/TZ,Polarised,0.973762963,0.954318719,0.953605585
Omega-B97X-D,6-311+G,Hybrid/TZ,Unpolarised,1.015049438,0.969879293,0.956982952
Omega-B97X-D,6-311+G*,Hybrid/TZ,Polarised,0.974046917,0.956858587,0.951238384
Omega-B97X-D,6-31G,Hybrid/DZ,Unpolarised,1.000594534,0.96225002,0.947556107
Omega-B97X-D,6-31G*,Hybrid/DZ,Polarised,0.966656864,0.948000167,0.947274935
Omega-B97X-D,6-31+G,Hybrid/DZ,Unpolarised,1.006237415,0.968014121,0.947946856
Omega-B97X-D,6-31+G*,Hybrid/DZ,Polarised,0.969984779,0.953405283,0.947464944
Omega-B97X-D,aug-cc-pVDZ,Hybrid/DZ,Polarised,0.98612495,0.973303379,0.95187818
Omega-B97X-D,aug-cc-pVTZ,Hybrid/TZ,Polarised,0.969740895,0.963951514,0.951055715
Omega-B97X-D,aug-pc-1,Hybrid/DZ,Polarised,0.982554052,0.968024859,0.952535565
Omega-B97X-D,aug-pc-2,Hybrid/TZ,Polarised,0.96982207,0.96279929,0.951895365
Omega-B97X-D,aug-pcseg-1,Hybrid/DZ,Polarised,0.985070805,0.968255196,0.952692084
Omega-B97X-D,aug-pcseg-2,Hybrid/TZ,Polarised,0.969270115,0.96270869,0.951753637
Omega-B97X-D,cc-pVDZ,Hybrid/DZ,Polarised,0.976512207,0.969671215,0.950737663
Omega-B97X-D,cc-pVTZ,Hybrid/TZ,Polarised,0.970469395,0.961577819,0.953250002
Omega-B97X-D,def2-SVP,Hybrid/DZ,Polarised,0.964652252,0.961828621,0.949937386
Omega-B97X-D,def2-SVPD,Hybrid/DZ,Polarised,0.974410633,0.967764933,0.950458222
Omega-B97X-D,def2-TZVP,Hybrid/TZ,Polarised,0.969055907,0.963816845,0.951261384
Omega-B97X-D,def2-TZVPD,Hybrid/TZ,Polarised,0.969205791,0.963458383,0.953163489
Omega-B97X-D,def2-TZVPP,Hybrid/TZ,Polarised,0.970161908,0.963458313,0.953024106
Omega-B97X-D,def2-TZVPPD,Hybrid/TZ,Polarised,0.968810824,0.96254904,0.952352982
Omega-B97X-D,pc-1,Hybrid/DZ,Polarised,0.975655963,0.964246117,0.949953358
Omega-B97X-D,pc-2,Hybrid/TZ,Polarised,0.970598515,0.963717385,0.952126751
Omega-B97X-D,pcseg-1,Hybrid/DZ,Polarised,0.976058502,0.964174108,0.949650545
Omega-B97X-D,pcseg-2,Hybrid/TZ,Polarised,0.965741498,0.962146888,0.949176925
Omega-B97X-D,SNSD,Hybrid/DZ,Polarised,0.97807026,0.965908611,0.951928129